Success Rate,Ecological Navigation Score,Navigation Score,Infraction Count (/m),Energy Consumption (J/m),FPS (/s),Route Completion (%),Avg. Route Deviation (m),Distance covered (km),Time taken (s),Number of steps taken by local model,Number of steps taken by global model
1,90.90909090909086,100.0,0.0,0.2320870593162864,249.4194542090618,100.0,0.2830764622239339,0.05200880247124823,45.65518236160278,582,0
1,90.90909090909086,100.0,0.0,0.27107998691057855,236.77308574043107,100.0,0.3295775164735073,0.05200880247124823,46.316524505615234,590,0
1,90.90909090909086,100.0,0.0,0.2706891490582964,228.39690050249598,100.0,0.2350041674967315,0.05200880247124823,46.55891442298889,589,0
1,90.90909090909086,100.0,0.0,0.269094904934352,232.2527694346859,100.0,0.21029777198605712,0.05200880247124823,46.3344566822052,587,0
1,89.8262003538115,98.80882038919273,0.01728826194621944,0.28568852866127886,237.4431838351535,100.0,0.3420992011758625,0.05200880247124823,52.1027352809906,661,0
